<?xml version="1.0" encoding="utf-8"?>
<install type="component" version="1.5.0">
	<name>Hello</name>
	<!-- The following elements are optional and free of formatting conttraints -->
	<creationDate>2007-02-22</creationDate>
	<author>John Doe</author>
	<authorEmail>john.doe@example.org</authorEmail>
	<authorUrl>http://www.example.org</authorUrl>
	<copyright>Copyright Info</copyright>
	<license>License Info</license>
	<!--  The version string is recorded in the components table -->
	<version>1.01</version>
	<!-- The description is optional and defaults to the name -->
	<description>Description of the component ...</description>

	<!-- Site Main File Copy Section -->
	<!-- Note the folder attribute: This attribute describes the folder
      to copy FROM in the package to install therefore files copied
      in this section are copied from /site/ in the package -->
	<files folder="site">
		<filename>controller.php</filename>
		<filename>hello.php</filename>
		<filename>index.html</filename>
		<filename>views/index.html</filename>
		<filename>views/hello/index.html</filename>
		<filename>views/hello/view.html.php</filename>
		<filename>views/hello/tmpl/default.php</filename>
		<filename>views/hello/tmpl/index.html</filename>
	</files>

	<administration>
		<!-- Administration Menu Section -->
		<menu>Hello World!</menu>

		<!-- Administration Main File Copy Section -->
		<files folder="admin">
			<filename>hello.php</filename>
			<filename>index.html</filename>
		</files>  
	</administration>
</install>