<?xml version="1.7" encoding="utf-8"?>
<extension type="component" version="1.7" method="upgrade">
	<name>Multi Calendar</name>
	<!-- The following	elements are optional and free of formatting constraints -->
	<creationDate>2011-07-30</creationDate>
	<author>CodePeople</author>
	<authorEmail>info@joomlacalendars.com</authorEmail>
	<authorUrl>www.joomlacalendars.com</authorUrl>
	<copyright>(c)	2011 CodePeople	LLC	- www.codepeople.net</copyright>
	<license>GNU/GPL http://www.gnu.org/copyleft/gpl.html</license>
	<!--  The version string is recorded in the components	table -->
	<version>3.3.4</version>
	<!-- The description is optional and defaults to the name -->
	<description>Provides an Multi Calendar Component</description>
	
	<!-- Site Main	File Copy Section -->
	<!-- Note the folder attribute: This attribute	describes the folder
	  to copy FROM in the package to install therefore files copied
	  in this section are copied from /site/ in	the	package	-->
	<files	folder="site">
	    <filename>multicalendar.php</filename>
	    <filename>index.html</filename>
	    <filename>controller.php</filename> 
	    <folder>DC_MultiViewCal</folder>	
	    <folder>views</folder> 
	</files>
	<install>
		<sql>
			<file charset="utf8" driver="mysql">install.sql</file>
		</sql>
	</install>
	<uninstall>
		<sql>
			<file charset="utf8" driver="mysql">uninstall.sql</file>
		</sql>
	</uninstall>
	<administration>
	
		<languages folder="admin">
			<language tag="en-GB">languages/en-GB/en-GB.com_multicalendar.ini</language>
			<language tag="it-IT">languages/it-IT/it-IT.com_multicalendar.ini</language>
			<language tag="fr-FR">languages/fr-FR/fr-FR.com_multicalendar.ini</language>
			<language tag="de-DE">languages/de-DE/de-DE.com_multicalendar.ini</language>
			<language tag="pt-PT">languages/pt-PT/pt-PT.com_multicalendar.ini</language>
			<language tag="es-ES">languages/es-ES/es-ES.com_multicalendar.ini</language>
			<language tag="nl-NL">languages/nl-NL/nl-NL.com_multicalendar.ini</language>
            <language tag="cs-CZ">languages/cs-CZ/cs-CZ.com_multicalendar.ini</language>
			<language tag="en-GB">languages/en-GB/en-GB.com_multicalendar.sys.ini</language>
			<language tag="it-IT">languages/it-IT/it-IT.com_multicalendar.sys.ini</language>
			<language tag="fr-FR">languages/fr-FR/fr-FR.com_multicalendar.sys.ini</language>
			<language tag="de-DE">languages/de-DE/de-DE.com_multicalendar.sys.ini</language>
			<language tag="pt-PT">languages/pt-PT/pt-PT.com_multicalendar.sys.ini</language>
			<language tag="es-ES">languages/es-ES/es-ES.com_multicalendar.sys.ini</language>
			<language tag="nl-NL">languages/nl-NL/nl-NL.com_multicalendar.sys.ini</language>
            <language tag="cs-CZ">languages/cs-CZ/cs-CZ.com_multicalendar.sys.ini</language>
		</languages>
		<!-- Administration Menu Section -->
		<menu	img="components/com_multicalendar/images/menu/multi-icon-16.png">multi calendar</menu>
		<submenu>
			<!--
				Note that all & must be escaped to &amp; for the file to be valid
				XML and be parsed by the installer
			-->
			<menu link="option=com_multicalendar" 
				img="components/com_multicalendar/images/menu/multi-icon-16.png" alt="Multi Calendar/multicalendar">multi calendar</menu>
			<menu link="option=com_multicalendar&amp;view=configuration" view="configuration"
				img="components/com_multicalendar/images/menu/multi-icon-16.png" alt="Multi Calendar/Configuration">configuration</menu>
		</submenu>
		<!-- Administration Main File	Copy Section -->
		<files folder="admin">
			<filename>multicalendar.php</filename>
			<filename>index.html</filename>
			<filename>install.sql</filename>
			<filename>uninstall.sql</filename>
			<filename>controller.php</filename>
			<filename>config.xml</filename>
			
			<folder>tables</folder>
			<folder>views</folder>
			<folder>models</folder>
			<folder>help</folder>
			<folder>images</folder>
			<folder>css</folder>
		</files>
	
	</administration>
</extension>