<?xml version="1.0" encoding="utf-8"?>
<install type="module" version="1.5.0">
    <!-- Name of the Module -->
        <name>Multi Calendar</name> 
 
    <!-- Name of the Author -->
        <author>CodePeople</author> 
 
    <!-- Version Date of the Module -->
        <creationDate>2011-12-10</creationDate> 
 
    <!-- Copyright information -->
        <copyright>(c) 2010 CodePeople LLC - www.codepeople.net</copyright> 
 
    <!-- License Information -->
        <license>GNU/GPL http://www.gnu.org/copyleft/gpl.html</license> 
 
    <!-- Author's email address -->
        <authorEmail>info@joomlacalendars.com</authorEmail> 
 
    <!-- Author's website -->
        <authorUrl>www.joomlacalendars.com</authorUrl> 
 
    <!-- Module version number -->
        <version>1.0.0</version> 
 
    <!-- Description of what the module does -->
        <description>Provides an Multi View Calendar</description>
 
    <!-- Listing of all files that should be installed for the module to function -->
        <files>
        <!-- The "module" attribute signifies that this is the main controller file -->
                <filename module="mod_multicalendar">mod_multicalendar.php</filename>
                <filename>index.html</filename>
        </files>    
        <languages>
			<language tag="en-GB">languages/en-GB/en-GB.mod_multicalendar.ini</language>
			<language tag="en-GB">languages/en-GB/en-GB.mod_multicalendar.sys.ini</language>
		</languages>	
    <!-- Optional parameters -->
    <params addpath="/administrator/components/com_multicalendar/elements">
		            <param name="the_calendar_id" type="multicalendar" default="" label="MULTICALENDAR" description="SELECT THE MULTI VIEW CALENDAR" required="true"/>
		            <param name="views" type="checkboxlist" multiple="multiple" default="viewDay,viewWeek,viewMonth,viewNMonth" description="CHECK WHICH VIEWS YOU WANT TO SHOW ON THE FRONTEND" label="CALENDAR VIEWS" required="true">
                            <option value="viewDay" >Day</option>
                            <option value="viewWeek">Week</option>
                            <option value="viewMonth">Month</option>
                            <option value="viewNMonth">nMonth</option>
                    </param>
                    <param name="viewdefault" type="list" description="SELECT WHICH OF THE PREVIOUSLY CHECKED VIEWS WILL BE SHOWN AS DEFAULT" default="month" label="DEFAULT VIEW">
                            <option value="day">Day</option>
                            <option value="week">Week</option>
                            <option value="month">Month</option>
                            <option value="nMonth">nMonth</option>
                    </param>
					<param name="start_weekday" id="start_weekday" type="list" default="0" label="START DAY OF THE WEEK" description="SELECT THE START DAY OF THE WEEK">
						<option value="0">Sunday</option>
						<option value="1">Monday</option>
						<option value="2">Tuesday</option>
						<option value="3">Wednesday</option>
						<option value="4">Thursday</option>
						<option value="5">Friday</option>
						<option value="6">Saturday</option>
					</param>
					<param name="cssStyle" id="cssStyle" type="list" default="cupertino" label="CSS STYLE" description="SELECT WHICH OF THE PRE-DEFINED COLOR SCHEMED YOU WANT TO USE">
						<option value="ui-lightness">UI lightness</option>
                        <option value="ui-darkness">UI darkness</option>
                        <option value="smoothness">Smoothness</option>
                        <option value="start">Start</option>
                        <option value="redmond">Redmond</option>
                        <option value="sunny">Sunny</option>
                        <option value="overcast">Overcast</option>
                        <option value="le-frog">Le Frog</option>
                        <option value="flick">Flick</option>
                        <option value="pepper-grinder">Pepper Grinder</option>
                        <option value="eggplant">Eggplant</option>
                        <option value="dark-hive">Dark Hive</option>
                        <option value="cupertino">Cupertino</option>
                        <option value="south-street">South Street</option>
                        <option value="blitzer">Blitzer</option>
                        <option value="humanity">Humanity</option>
                        <option value="hot-sneaks">Hot sneaks</option>
                        <option value="excite-bike">Excite Bike</option>
                        <option value="vader">Vader</option>
                        <option value="mint-choc">Mint Choc</option>
                        <option value="black-tie">Black Tie</option>
                        <option value="trontastic">Trontastic</option>
                        <option value="swanky-purse">Swanky Purse</option>
	    		    </param>
	  				<param name="palette" type="palettes" default="" label="Palette Color" description="Select the Palette Color" required="true"/>
	  				<param name="edition" type="checkbox" value="1" description="CHECK THIS TO ALLOW EDITION ON THE FRONTEND" label="ALLOW EDITION" />
	  				<param name="buttons" type="checkboxlist" multiple="multiple" default="bnavigation" description="ENABLE OR DISABLE OTHER BUTTONS" label="OTHER BUTTONS">
                            <option value="btoday">Show Today Button</option>
                            <option value="bnavigation">Show Navigation Buttons</option>
                            <option value="brefresh">Show Refresh Button</option>
                    </param>
                    <param name="numberOfMonths" type="list" first="1" last="24" step="1" default="6" label="NUMBER OF MONTHS FOR NMONTHS VIEW" description="NUMBER OF MONTHS FOR NMONTHS VIEW" >
                            <option value="1">1</option>
                            <option value="2">2</option>
                            <option value="3">3</option>
                            <option value="4">4</option>
                            <option value="5">5</option>
                            <option value="6">6</option>
                            <option value="7">7</option>
                            <option value="8">8</option>
                            <option value="9">9</option>
                            <option value="10">10</option>
                            <option value="11">11</option>
                            <option value="12">12</option>
                            <option value="13">13</option>
                            <option value="14">14</option>
                            <option value="15">15</option>
                            <option value="16">16</option>
                            <option value="17">17</option>
                            <option value="18">18</option>
                            <option value="19">19</option>
                            <option value="20">20</option>
                            <option value="21">21</option>	   
                            <option value="22">22</option>
                            <option value="23">23</option>
                            <option value="24">24</option>
                    </param>
                    <param name="sample" type="nmonths" default="" label="OTHER PARAMETERS FOR NMONTHS VIEW" description="OTHER PARAMETERS FOR NMONTHS VIEW" />
                    <param name="otherparams" id="otherparams" type="textarea" rows="3" cols="40" label="Additional parameters" description="Additional parameters" />
		 </params>
</install>