<?xml version="1.0" encoding="utf-8"?>
<install type="component" version="3.0.3">
 <name>Hello</name>
 <!-- The following elements are optional and free of formatting constraints -->
  <!--  The version string is recorded in the components table -->
 <version>3.0.3</version>
 <!-- The description is optional and defaults to the name -->
 <description>Description of the component ...</description>
 
 <!-- Site Main File Copy Section -->
 <!-- Note the folder attribute: This attribute describes the folder
      to copy FROM in the package to install therefore files copied
      in this section are copied from /site/ in the package -->
 <files folder="site">
  <filename>controller.php</filename>
  <filename>hello.php</filename>
  <filename>index.html</filename>
  <filename>views/index.html</filename>
  <filename>views/hello/index.html</filename>
  <filename>views/hello/view.html.php</filename>
  <filename>views/hello/tmpl/default.php</filename>
  <filename>views/hello/tmpl/index.html</filename>
 </files>
 </install>